{
    "mount_dir_path" :"/workspace/tao-experiments/gesturenet/",
    "org_data_dir" : "original",
    "post_data_dir" : "extracted",
    "set_list": {
        "train_val": [
            "data"
        ],
        "kpi": [
            "data"
        ]
    },
    "uid_list": {
        "uid_name": "user_id",
        "predefined_val_users": false,
        "val_fraction": 0.25,
        "validation": [
           ],
        "kpi": [
            "id01",
            "id02"
        ]
    },
    "image_feature_filter": {
        "train_val":{
        "*":[
            {

            }
        ]
        },
        "kpi":{
        }
    },
    "sampling": {
        "sampling_mode": "average",
        "use_class_weights": true,
        "class_weights": {
            "random": 0.2,
            "thumbs_up": 0.16,
            "two": 0.16,
            "stop": 0.16,
            "ok": 0.16,
            "fist": 0.16
        }
    }
}
